id,monthly_id,date,open,high,low,close,volume
1,2,2/1/1993,43.97,45.09,43.97,44.97,2.23E+06
2,2,2/8/1993,44.97,45.13,44.53,44.59,1.16E+06
3,2,2/15/1993,44.47,44.47,42.81,43.56,998700
4,2,2/22/1993,43.69,44.44,43.47,44.41,1.02E+06
5,3,3/1/1993,44.56,45.19,44.22,44.75,658500
6,3,3/8/1993,44.84,45.84,44.81,45.09,1.13E+06
7,3,3/15/1993,45.06,45.5,44.97,45.03,489600
8,3,3/22/1993,44.59,45.25,44.56,44.91,487400
9,3,3/29/1993,44.94,45.47,44.09,44.09,443600
10,4,4/5/1993,44.44,44.53,44.06,44.28,510700
11,4,4/12/1993,44.72,45.16,44.66,44.94,810700
12,4,4/19/1993,44.94,45.06,43.69,43.75,708100
13,4,4/26/1993,43.78,44.28,43.28,44.03,478800
14,5,5/3/1993,44.09,44.75,43.91,44.34,461300
15,5,5/10/1993,44.41,44.69,43.97,44,380100
16,5,5/17/1993,44.13,45.25,43.84,44.75,509000
17,5,5/24/1993,44.84,45.66,44.84,45.22,457600
18,5,5/31/1993,45.38,45.81,45.09,45.28,102200
19,6,6/7/1993,45.38,45.38,44.72,45.09,934500
20,6,6/14/1993,45.16,45.19,44.5,44.5,633400
21,6,6/21/1993,44.63,44.91,44.22,44.78,682900
22,6,6/28/1993,45,45.28,44.53,44.69,1.98E+06
23,7,7/5/1993,44.63,44.97,44.16,44.97,1.22E+06
24,7,7/12/1993,44.91,45.19,44.66,44.75,2.04E+06
25,7,7/19/1993,44.75,44.84,44.47,44.72,1.32E+06
26,7,7/26/1993,44.84,45.22,44.78,44.84,651200
27,8,8/2/1993,44.91,45.19,44.84,44.97,996000
28,8,8/9/1993,45.09,45.34,44.91,45.13,2.38E+06
29,8,8/16/1993,45.16,45.88,45.16,45.81,1.13E+06
30,8,8/23/1993,45.63,46.53,45.63,46.25,677000
31,8,8/30/1993,46.28,46.59,46.25,46.38,1.49E+06
32,9,9/6/1993,46.38,46.44,45.59,46.41,812000
33,9,9/13/1993,46.56,46.56,45.75,45.81,607600
34,9,9/20/1993,45.88,45.97,44.81,45.78,957700
35,9,9/27/1993,46.13,46.31,45.81,46.16,775900
36,10,10/4/1993,46.22,46.38,45.72,46.06,1.80E+06
37,10,10/11/1993,46.16,47.16,46.16,47.06,2.24E+06
38,10,10/18/1993,47.03,47.03,46.38,46.38,2.28E+06
39,10,10/25/1993,46.41,46.97,46.28,46.84,629400
40,11,11/1/1993,46.78,47,45.53,46.06,1.27E+06
41,11,11/8/1993,46.09,46.75,45.97,46.59,858100
42,11,11/15/1993,46.69,46.81,46.22,46.31,1.12E+06
43,11,11/22/1993,46.19,46.59,45.88,46.5,1.35E+06
44,11,11/29/1993,46.63,46.72,46.25,46.72,1.78E+06
45,12,12/6/1993,46.78,46.94,46.5,46.59,1.16E+06
46,12,12/13/1993,46.59,46.91,46.38,46.56,580600
47,12,12/20/1993,46.53,46.84,46.41,46.75,1.22E+06
48,12,12/27/1993,46.75,47.16,46.56,46.59,2.13E+06
49,13,1/3/1994,46.59,47.06,46.41,47.03,2.81E+06
50,13,1/10/1994,47.09,47.59,46.97,47.41,1.43E+06
51,13,1/17/1994,47.41,47.53,47.25,47.38,751600
52,13,1/24/1994,47.34,48.03,47.09,47.88,1.53E+06
53,13,1/31/1994,48.06,48.31,46.97,46.97,2.79E+06
54,14,2/7/1994,46.84,47.44,46.81,47.16,2.25E+06
55,14,2/14/1994,47.06,47.69,46.75,46.88,4.06E+06
56,14,2/21/1994,47,47.44,46.56,46.81,1.85E+06
57,14,2/28/1994,46.94,47.06,45.91,46.69,2.16E+06
58,15,3/7/1994,46.84,47,46.41,46.84,4.70E+06
59,15,3/14/1994,47.03,47.31,46.72,46.97,2.05E+06
60,15,3/21/1994,46.81,47.06,45.94,45.94,2.76E+06
61,15,3/28/1994,46,46.06,43.53,44.59,3.37E+06
62,16,4/4/1994,43.34,45.13,43.34,44.69,5.23E+06
63,16,4/11/1994,44.81,45.06,44.25,44.59,2.78E+06
64,16,4/18/1994,44.64,45.05,43.98,44.86,1.85E+06
65,16,4/25/1994,44.84,45.36,44.81,45.09,1.56E+06
66,17,5/2/1994,45.09,45.72,44.59,44.75,1.74E+06
67,17,5/9/1994,44.63,44.84,44.17,44.52,1.92E+06
68,17,5/16/1994,44.61,45.86,44.5,45.56,2.65E+06
69,17,5/23/1994,45.52,45.94,45.34,45.88,2.08E+06
70,17,5/30/1994,45.73,46.39,45.56,46.23,966000
71,18,6/6/1994,46.33,46.47,45.78,46.11,515400
72,18,6/13/1994,46.05,46.56,45.81,45.88,861300
73,18,6/20/1994,45.55,45.63,44,44.06,1.83E+06
74,18,6/27/1994,44.23,45.02,44.02,44.56,6.74E+06
75,19,7/4/1994,44.66,44.98,44.47,44.91,501900
76,19,7/11/1994,44.94,45.48,44.52,45.39,1.46E+06
77,19,7/18/1994,45.39,45.58,45.06,45.34,1.11E+06
78,19,7/25/1994,45.36,46.05,45.17,45.91,1.98E+06
79,20,8/1/1994,45.94,46.38,45.66,45.78,1.51E+06
80,20,8/8/1994,45.83,46.34,45.72,46.33,2.34E+06
81,20,8/15/1994,46.38,46.73,46.16,46.42,2.27E+06
82,20,8/22/1994,46.44,47.78,46.28,47.69,1.09E+06
83,20,8/29/1994,47.81,47.98,47.22,47.3,1.14E+06
84,21,9/5/1994,47.27,47.56,46.81,47,1.03E+06
85,21,9/12/1994,47,47.64,46.78,47.02,2.29E+06
86,21,9/19/1994,47.13,47.33,45.73,45.91,1.36E+06
87,21,9/26/1994,46.08,46.53,45.98,46.17,1.23E+06
88,22,10/3/1994,46.2,46.3,45,45.45,1.15E+06
89,22,10/10/1994,45.66,47.33,45.64,47.05,2.47E+06
90,22,10/17/1994,47,47.23,46.36,46.56,929200
91,22,10/24/1994,46.58,47.7,46,47.66,844800
92,22,10/31/1994,47.55,47.59,46.33,46.33,798500
93,23,11/7/1994,46.44,47.33,46.28,46.41,1.22E+06
94,23,11/14/1994,46.61,47.09,46.27,46.47,979200
95,23,11/21/1994,46.44,46.58,44.61,45.47,1.45E+06
96,23,11/28/1994,45.45,45.95,45.05,45.56,1.16E+06
97,24,12/5/1994,45.66,45.81,44.69,45.05,1.42E+06
98,24,12/12/1994,44.95,46.03,44.95,45.75,821500
99,24,12/19/1994,45.75,46.27,45.61,46.06,2.69E+06
100,24,12/26/1994,46.22,46.41,45.56,45.56,2.88E+06
101,25,1/2/1995,45.7,46.25,45.69,46.05,1.21E+06
102,25,1/9/1995,46.03,46.73,45.81,46.73,699900
103,25,1/16/1995,46.72,47.08,46.45,46.55,496900
104,25,1/23/1995,46.23,47.23,46.2,47.11,202800
105,25,1/30/1995,47.02,48.11,46.84,48.03,1.07E+06
106,26,2/6/1995,48.02,48.47,47.97,48.36,2.17E+06
107,26,2/13/1995,48.33,48.77,48.25,48.45,829800
108,26,2/20/1995,48.45,49.16,48.42,49,1.26E+06
109,26,2/27/1995,48.86,49.03,48.48,48.78,1.80E+06
110,27,3/6/1995,48.45,49.39,48.22,49.27,678100
111,27,3/13/1995,49.23,49.81,49.17,49.56,873400
112,27,3/20/1995,49.63,50.22,49.33,50.22,625500
113,27,3/27/1995,50.3,50.89,49.55,50.11,1.34E+06
114,28,4/3/1995,50.09,50.86,50.06,50.7,1.08E+06
115,28,4/10/1995,50.63,51.09,50.59,51.08,930000
116,28,4/17/1995,51.27,51.31,50.3,50.89,1.08E+06
117,28,4/24/1995,50.86,51.67,50.86,51.59,1.30E+06
118,29,5/1/1995,51.55,52.69,51.39,52.19,2.10E+06
119,29,5/8/1995,52.14,52.88,52.09,52.75,1.14E+06
120,29,5/15/1995,52.89,53.16,51.91,52.09,1.50E+06
121,29,5/22/1995,52.27,53.42,52.23,52.56,1.62E+06
122,29,5/29/1995,52.69,53.92,52.38,53.55,1.55E+06
123,30,6/5/1995,53.55,54.05,52.75,53.06,910900
124,30,6/12/1995,53.23,54.23,53.2,53.97,1.49E+06
125,30,6/19/1995,54.13,55.16,54.09,55.02,1.19E+06
126,30,6/26/1995,54.86,54.95,54.06,54.41,1.28E+06
127,31,7/3/1995,54.47,55.78,54.47,55.77,1.10E+06
128,31,7/10/1995,55.81,56.31,55.45,56.05,1.78E+06
129,31,7/17/1995,56.13,56.42,54.2,55.41,1.29E+06
130,31,7/24/1995,55.48,56.7,55.48,56.3,986900
131,31,7/31/1995,56.34,56.8,55.45,55.98,2.16E+06
132,32,8/7/1995,56.11,56.31,55.42,55.66,1.79E+06
133,32,8/14/1995,55.8,56.41,55.66,56.17,1.11E+06
134,32,8/21/1995,56.41,56.64,55.75,56.3,1.03E+06
135,32,8/28/1995,56.45,56.75,55.77,56.66,2.99E+06
136,33,9/4/1995,56.83,57.55,56.73,57.55,852800
137,33,9/11/1995,57.64,58.81,57.58,58.44,1.53E+06
138,33,9/18/1995,58.23,58.78,57.78,58.31,2.11E+06
139,33,9/25/1995,58.38,58.91,57.59,58.48,2.31E+06
140,34,10/2/1995,58.48,58.63,57.95,58.41,1.73E+06
141,34,10/9/1995,58.19,58.86,57.27,58.63,1.64E+06
142,34,10/16/1995,58.45,59.19,58.3,58.83,2.07E+06
143,34,10/23/1995,58.55,58.89,57.28,58.19,2.52E+06
144,34,10/30/1995,58.33,59.25,58.23,59.23,2.35E+06
145,35,11/6/1995,59.22,59.61,58.63,59.53,2.33E+06
146,35,11/13/1995,59.42,60.2,59.08,60.19,2.59E+06
147,35,11/20/1995,60.28,60.38,59.86,60.33,982000
148,35,11/27/1995,60.45,61.2,60.16,60.98,2.05E+06
149,36,12/4/1995,61.13,62.53,61.05,62.16,2.06E+06
150,36,12/11/1995,62.28,62.8,61.59,61.81,1.69E+06
151,36,12/18/1995,61.27,61.52,60.58,61.2,4.43E+06
152,36,12/25/1995,61.45,61.66,61.25,61.48,1.18E+06
153,37,1/1/1996,61.41,62.63,61.17,61.59,2.56E+06
154,37,1/8/1996,61.81,62.06,59.64,60.23,2.29E+06
155,37,1/15/1996,60.25,61.42,59.86,61.27,1.61E+06
156,37,1/22/1996,61.22,62.27,61.11,62.23,3.18E+06
157,37,1/29/1996,62.19,64.02,62.14,63.64,1.90E+06
158,38,2/5/1996,63.53,66.38,63.44,65.83,3.51E+06
159,38,2/12/1996,65.95,66.69,64.73,64.94,3.60E+06
160,38,2/19/1996,64.44,66.61,63.88,65.94,3.08E+06
161,38,2/26/1996,65.75,65.89,63.61,64.89,5.24E+06
162,39,3/4/1996,65.03,65.97,62,63.5,4.50E+06
163,39,3/11/1996,63.25,64.81,62.91,64.13,5.51E+06
164,39,3/18/1996,64.72,65.94,64.58,65.16,3.52E+06
165,39,3/25/1996,65.75,65.81,64.38,64.69,4.04E+06
166,40,4/1/1996,65,65.72,64.8,65.52,2.64E+06
167,40,4/8/1996,63.88,64.64,62.13,63.72,6.02E+06
168,40,4/15/1996,64.05,64.86,63.84,64.53,3.14E+06
169,40,4/22/1996,65.13,65.81,64.59,65.44,2.79E+06
170,40,4/29/1996,65.16,65.8,63.75,64.31,3.60E+06
171,41,5/6/1996,64.56,65.59,63.08,65.38,4.44E+06
172,41,5/13/1996,65.53,67.31,65.47,67.19,2.91E+06
173,41,5/20/1996,67.66,68.44,66.98,68.17,3.99E+06
174,41,5/27/1996,68.38,68.38,66.75,66.88,2.93E+06
175,42,6/3/1996,66.89,68.5,66.19,67.63,3.50E+06
176,42,6/10/1996,67.53,68.03,66.72,66.94,5.33E+06
177,42,6/17/1996,66.97,67.22,66.19,66.81,4.18E+06
178,42,6/24/1996,66.97,67.5,66.16,67.11,3.86E+06
179,43,7/1/1996,67.28,67.7,65.38,65.58,2.01E+06
180,43,7/8/1996,65.63,65.98,63.88,64.56,5.69E+06
181,43,7/15/1996,64.72,64.72,60.38,63.97,1.01E+07
182,43,7/22/1996,63.53,63.94,61.63,63.72,7.10E+06
183,43,7/29/1996,63.63,66.59,62.94,66.56,6.20E+06
184,44,8/5/1996,66.58,66.77,65.8,66.22,3.84E+06
185,44,8/12/1996,66.25,66.88,66,66.84,3.21E+06
186,44,8/19/1996,66.86,67.34,66.38,66.86,2.69E+06
187,44,8/26/1996,66.7,67,65.13,65.33,3.58E+06
188,45,9/2/1996,64.47,66.75,64.38,65.94,4.13E+06
189,45,9/9/1996,66.19,68.63,66.08,68.56,4.82E+06
190,45,9/16/1996,68.66,69.16,68.22,68.64,3.41E+06
191,45,9/23/1996,68.47,69.25,68.16,68.69,4.27E+06
192,45,9/30/1996,68.78,70.34,68.44,70.34,2.84E+06
193,46,10/7/1996,70.31,70.69,69.38,70.31,3.04E+06
194,46,10/14/1996,70.31,71.31,69.94,71.22,3.06E+06
195,46,10/21/1996,71.28,71.63,70.13,70.31,3.41E+06
196,46,10/28/1996,70.38,71.16,69.7,70.59,3.83E+06
197,47,11/4/1996,70.69,73.44,70.53,73.42,6.84E+06
198,47,11/11/1996,73.25,74.5,73.02,74.03,4.67E+06
199,47,11/18/1996,74.17,75.25,73.73,75.17,4.90E+06
200,47,11/25/1996,75.25,76.69,75.08,76.02,6.87E+06
201,48,12/2/1996,75.92,76.58,72.66,74.31,1.06E+07
202,48,12/9/1996,74.69,75.67,72.41,73.31,9.26E+06
203,48,12/16/1996,73.5,75.72,71.88,74.84,9.33E+06
204,48,12/23/1996,75.09,76.03,74.33,75.88,3.69E+06
205,48,12/30/1996,76.13,76.13,72.75,75.09,6.23E+06
206,49,1/6/1997,75.09,76.25,74.13,76.13,7.90E+06
207,49,1/13/1997,76.5,77.75,75.64,77.56,7.97E+06
208,49,1/20/1997,77.75,79.69,76.75,76.75,1.07E+07
209,49,1/27/1997,76.88,79.41,76,78.41,1.29E+07
210,50,2/3/1997,78.72,79.47,77.13,79.22,8.47E+06
211,50,2/10/1997,79.25,81.56,78.13,81.19,8.23E+06
212,50,2/17/1997,81.34,82,80.14,80.38,4.52E+06
213,50,2/24/1997,79.97,81.53,79.06,79.16,8.81E+06
214,51,3/3/1997,78.75,81.16,78.69,80.84,7.33E+06
215,51,3/10/1997,80.94,81.8,79.06,79.69,6.91E+06
216,51,3/17/1997,79.25,80.11,77.88,78.44,1.05E+07
217,51,3/24/1997,78.5,79.97,76.16,77,8.51E+06
218,51,3/31/1997,76.91,77.13,74.16,75.84,1.61E+07
219,52,4/7/1997,76.19,77.05,73.38,73.38,1.31E+07
220,52,4/14/1997,73.73,77,73.31,76.56,1.21E+07
221,52,4/21/1997,76.75,78.28,75.47,76.53,1.24E+07
222,52,4/28/1997,76.5,81.67,76.38,81.44,1.18E+07
223,53,5/5/1997,81.66,83.56,81.19,82.63,1.32E+07
224,53,5/12/1997,82.94,84.59,82.88,83.22,9.14E+06
225,53,5/19/1997,83.31,85.22,82.75,84.78,5.89E+06
226,53,5/26/1997,84.38,85.56,83.13,85.16,5.67E+06
227,54,6/2/1997,85.34,86.44,84.08,86.38,6.80E+06
228,54,6/9/1997,86.44,90,86.34,89.72,1.11E+07
229,54,6/16/1997,89.75,90.5,88.94,89.58,8.25E+06
230,54,6/23/1997,89.41,90.25,87.34,88.91,1.88E+07
231,54,6/30/1997,88.91,92.16,87.88,92.06,8.63E+06
232,55,7/7/1997,92.38,92.5,90.03,91.78,1.43E+07
233,55,7/14/1997,91.89,94.09,91.06,91.3,1.45E+07
234,55,7/21/1997,91.28,94.81,90.69,94.03,1.78E+07
235,55,7/28/1997,94.25,96.03,93.42,94.94,1.96E+07
236,56,8/4/1997,94.78,96.63,92.41,93.38,1.70E+07
237,56,8/11/1997,93.75,94.55,89.63,89.78,2.78E+07
238,56,8/18/1997,90.38,94.31,89.34,92.56,2.65E+07
239,56,8/25/1997,92.78,93.41,89.72,90.38,2.06E+07
240,57,9/1/1997,90.69,94.44,90.59,93.14,1.62E+07
241,57,9/8/1997,93.72,94.28,90.25,92.66,2.01E+07
242,57,9/15/1997,92.66,96.38,92.19,95.03,1.79E+07
243,57,9/22/1997,95.5,96.2,93.63,94.47,1.82E+07
244,57,9/29/1997,94.5,97.75,94.16,96.64,1.88E+07
245,58,10/6/1997,97.31,98.5,96.22,96.88,1.50E+07
246,58,10/13/1997,97.34,97.55,93,94.28,2.42E+07
247,58,10/20/1997,94.84,97.5,93.67,94,2.82E+07
248,58,10/27/1997,93.02,93.94,84.38,92.06,5.74E+07
249,59,11/3/1997,93.19,95.28,91.44,92.94,2.81E+07
250,59,11/10/1997,93.63,93.84,90.09,93.06,2.88E+07
251,59,11/17/1997,94.38,96.81,92.75,96.75,2.32E+07
252,59,11/24/1997,96,96.34,94.63,95.63,1.31E+07
253,60,12/1/1997,96.22,99,96.03,98.94,1.65E+07
254,60,12/8/1997,98.97,99,94.91,95.75,1.71E+07
255,60,12/15/1997,96.25,97.88,92.38,94.78,2.30E+07
256,60,12/22/1997,95.44,95.91,93.25,93.78,1.25E+07
257,60,12/29/1997,94.59,97.66,94.44,97.56,1.24E+07
258,61,1/5/1998,97.84,98.44,91.91,92.31,2.59E+07
259,61,1/12/1998,91.13,96.69,90.91,96.31,2.83E+07
260,61,1/19/1998,96.69,98.02,95,95.94,2.07E+07
261,61,1/26/1998,96.38,99.56,95.41,98.31,2.73E+07
262,62,2/2/1998,99.91,101.63,99.72,101.63,2.27E+07
263,62,2/9/1998,101.72,102.94,100.72,102,1.72E+07
264,62,2/16/1998,102.81,103.72,102.16,103.66,1.32E+07
265,62,2/23/1998,104.25,105.53,102.94,105.13,1.67E+07
266,63,3/2/1998,105.25,105.94,103.16,105.94,2.62E+07
267,63,3/9/1998,105.53,108,105.25,107.09,1.84E+07
268,63,3/16/1998,107.84,110.19,107.53,109.88,1.54E+07
269,63,3/23/1998,109.72,111.53,109,109.63,1.83E+07
270,63,3/30/1998,109.63,112.81,108.97,112.59,1.97E+07
271,64,4/6/1998,113.25,113.38,109.75,111.19,1.95E+07
272,64,4/13/1998,111.38,112.44,110,112.28,2.44E+07
273,64,4/20/1998,112,113.44,110.34,110.81,2.67E+07
274,64,4/27/1998,109.38,112.59,107.63,112.59,4.14E+07
275,65,5/4/1998,112.72,113.31,109.34,111.13,3.01E+07
276,65,5/11/1998,111.56,112.69,110.34,111.03,2.77E+07
277,65,5/18/1998,110.72,112.78,109.83,111.25,2.76E+07
278,65,5/25/1998,112.09,112.09,107.58,109.03,2.68E+07
279,66,6/1/1998,108.97,112,107.88,112,3.43E+07
280,66,6/8/1998,111.94,113.06,108.25,110.44,3.09E+07
281,66,6/15/1998,108.81,111.78,107.5,110.06,3.72E+07
282,66,6/22/1998,110.25,114.44,110.06,113.69,2.94E+07
283,66,6/29/1998,114.25,114.94,113.06,114.84,1.72E+07
284,67,7/6/1998,114.78,116.94,114.56,116.47,2.97E+07
285,67,7/13/1998,116.56,119,116.06,118.56,2.84E+07
286,67,7/20/1998,118.75,119.23,112.88,114.09,4.49E+07
287,67,7/27/1998,113.63,115,111.31,111.78,4.53E+07
288,68,8/3/1998,111.78,112.42,105.59,109.13,7.25E+07
289,68,8/10/1998,108.75,109.66,105.5,106.13,4.94E+07
290,68,8/17/1998,106,111.09,105.5,108.56,4.92E+07
291,68,8/24/1998,109.25,111.25,102.16,103.38,7.49E+07
292,68,8/31/1998,103.75,104.02,93.63,97.75,9.62E+07
293,69,9/7/1998,100.88,103.13,96.81,101.69,6.71E+07
294,69,9/14/1998,102.88,105.25,101.09,102.09,5.00E+07
295,69,9/21/1998,99.63,107,98.94,104.25,5.12E+07
296,69,9/28/1998,105.31,106.31,97.22,100.72,5.51E+07
297,70,10/5/1998,99.59,101.28,92.22,98.53,7.31E+07
298,70,10/12/1998,100.63,107.25,98.75,106,6.11E+07
299,70,10/19/1998,105.69,108.8,105.5,106.84,4.62E+07
300,70,10/26/1998,107.72,110.91,106.03,110,4.11E+07
301,71,11/2/1998,110.81,114.56,110.19,114.13,3.37E+07
302,71,11/9/1998,113.94,114.25,111.69,113.22,4.21E+07
303,71,11/16/1998,114.22,116.75,112.89,116.63,3.05E+07
304,71,11/23/1998,117.47,119.72,117.16,119.5,2.14E+07
305,71,11/30/1998,119.02,119.38,115.09,118.38,4.76E+07
306,72,12/7/1998,118.06,119.75,115.56,117.13,3.39E+07
307,72,12/14/1998,116.16,119.13,113.75,118.5,3.81E+07
308,72,12/21/1998,119.25,123.25,119,122.69,2.33E+07
309,72,12/28/1998,123.25,124.75,122,123.31,2.17E+07
310,73,1/4/1999,123.38,128.5,121.72,127.75,3.69E+07
311,73,1/11/1999,127.69,127.69,120.38,124.38,4.54E+07
312,73,1/18/1999,125.3,127.94,121.78,122.56,2.75E+07
313,73,1/25/1999,123.28,128.3,121.91,127.66,3.16E+07
314,74,2/1/1999,128.69,128.69,123.22,124.06,4.42E+07
315,74,2/8/1999,125.09,126.09,121.33,123.63,4.43E+07
316,74,2/15/1999,124.75,125.75,122.22,124.25,2.91E+07
317,74,2/22/1999,124.44,128.84,122.69,123.56,4.70E+07
318,75,3/1/1999,123.66,128.13,121.78,127.55,4.41E+07
319,75,3/8/1999,128.28,131.19,127.25,129.38,2.85E+07
320,75,3/15/1999,129.94,132.63,129.5,129.69,2.35E+07
321,75,3/22/1999,130.06,130.59,125.63,128.56,3.34E+07
322,75,3/29/1999,129.16,131.61,128.13,129.34,2.64E+07
323,76,4/5/1999,130.94,135.5,130.25,134.88,2.77E+07
324,76,4/12/1999,133.47,136.47,131,131.53,4.75E+07
325,76,4/19/1999,132.69,136.75,128.38,135.81,3.88E+07
326,76,4/26/1999,136.5,137.5,131.5,133.25,3.51E+07
327,77,5/3/1999,133.44,135.84,131.84,135,5.34E+07
328,77,5/10/1999,134.84,138,131.5,133.78,3.93E+07
329,77,5/17/1999,133.63,135.59,132.38,133.34,3.06E+07
330,77,5/24/1999,133.84,133.84,128,130.2,5.92E+07
331,77,5/31/1999,130.13,133.36,128.02,133.22,2.96E+07
332,78,6/7/1999,133.44,134.19,129.09,129.81,3.75E+07
333,78,6/14/1999,130.69,135.56,129.55,134.31,3.14E+07
334,78,6/21/1999,134.47,135.25,130.66,131.7,3.34E+07
335,78,6/28/1999,132.69,139.5,132.5,139.41,4.26E+07
336,79,7/5/1999,139.25,140.75,138.52,140.5,2.45E+07
337,79,7/12/1999,140.94,142.16,138.66,141.81,2.09E+07
338,79,7/19/1999,142.19,142.25,135.13,135.75,2.85E+07
339,79,7/26/1999,134.88,137.31,132.56,132.75,2.80E+07
340,80,8/2/1999,132.75,134.75,128.84,130.38,3.59E+07
341,80,8/9/1999,130.59,133.25,127,133.16,3.63E+07
342,80,8/16/1999,133.13,134.84,131.69,133.91,2.32E+07
343,80,8/23/1999,134.81,138.78,134.66,135.06,3.15E+07
344,80,8/30/1999,135.34,136.5,130.66,135.97,4.30E+07
345,81,9/6/1999,136.06,136.63,133.69,135.88,1.98E+07
346,81,9/13/1999,135.13,135.47,130.31,133.75,3.70E+07
347,81,9/20/1999,133.94,134,126.31,127.75,5.11E+07
348,81,9/27/1999,128.75,129.75,125.56,128.47,4.42E+07
349,82,10/4/1999,129.19,133.88,128.69,133.88,4.48E+07
350,82,10/11/1999,133.59,134.13,124.5,124.88,4.82E+07
351,82,10/18/1999,124.94,131.22,123.44,130.09,5.13E+07
352,82,10/25/1999,129.31,137.69,127.81,137,4.13E+07
353,83,11/1/1999,136.5,139.11,134.59,137.88,3.31E+07
354,83,11/8/1999,137,139.98,136.08,139.75,3.22E+07
355,83,11/15/1999,139.84,143,139.41,142.5,2.85E+07
356,83,11/22/1999,142.44,143,140,141.44,1.62E+07
357,83,11/29/1999,140.88,145.34,139,143.84,3.88E+07
358,84,12/6/1999,143.53,143.72,139.38,141.88,3.01E+07
359,84,12/13/1999,141.44,143.31,140.03,142.69,2.75E+07
360,84,12/20/1999,142.56,146.48,141.09,146.48,2.37E+07
361,84,12/27/1999,146.5,147.56,145.06,146.88,1.66E+07
362,85,1/3/2000,148.25,148.25,137.25,145.75,4.27E+07
363,85,1/10/2000,146.25,147.47,142.88,146.97,3.27E+07
364,85,1/17/2000,145.34,147,143.81,144.44,2.47E+07
365,85,1/24/2000,145.66,145.84,135.53,135.88,4.58E+07
366,85,1/31/2000,135.81,144,135,142.59,3.83E+07
367,86,2/7/2000,142.56,144.56,138.03,138.69,3.58E+07
368,86,2/14/2000,139.78,141.22,134.63,135.31,4.54E+07
369,86,2/21/2000,135.19,137.47,133.09,133.33,5.65E+07
370,86,2/28/2000,133.38,141.72,132.72,141.13,4.89E+07
371,87,3/6/2000,140.81,142,135.03,140.13,5.73E+07
372,87,3/13/2000,136.69,148,135.69,146.94,6.50E+07
373,87,3/20/2000,146.88,155.75,144.5,153.56,5.75E+07
374,87,3/27/2000,153.38,153.78,147.13,150.38,4.06E+07
375,88,4/3/2000,150.13,153,141.39,151.44,4.89E+07
376,88,4/10/2000,151.75,153.11,133.5,136,7.12E+07
377,88,4/17/2000,135.19,145.13,134.69,143.81,5.01E+07
378,88,4/24/2000,141.5,148.75,140.5,145.09,5.90E+07
379,89,5/1/2000,146.56,148.48,139.78,143.53,4.32E+07
380,89,5/8/2000,142.75,143.47,137.75,142.81,3.40E+07
381,89,5/15/2000,142.75,147.72,140.41,141.13,2.94E+07
382,89,5/22/2000,141.25,141.81,136.5,138,4.30E+07
383,89,5/29/2000,140,149.09,139.47,147.84,2.93E+07
384,90,6/5/2000,147.47,148.22,145.63,146.59,2.56E+07
385,90,6/12/2000,146.97,148.88,144.63,146.59,2.81E+07
386,90,6/19/2000,146.47,149.16,143.88,144.38,2.71E+07
387,90,6/26/2000,145.38,146.98,143.52,145.28,2.85E+07
388,91,7/3/2000,145.44,148.78,144.22,148.09,1.32E+07
389,91,7/10/2000,147.88,151.25,147.16,151.25,2.48E+07
390,91,7/17/2000,150.98,151.98,147.69,147.69,2.72E+07
391,91,7/24/2000,148.13,148.86,141.52,142.09,3.63E+07
392,91,7/31/2000,142.94,146.72,142.06,146.38,2.49E+07
393,92,8/7/2000,146.72,149.22,145.56,147.41,2.25E+07
394,92,8/14/2000,147.78,150.44,147.06,149.69,2.40E+07
395,92,8/21/2000,150.03,151.63,149.28,151.25,1.83E+07
396,92,8/28/2000,151.25,153.59,150.34,152.5,2.11E+07
397,93,9/4/2000,151.88,152.2,149.33,149.81,1.56E+07
398,93,9/11/2000,149.75,151.19,146,146,2.39E+07
399,93,9/18/2000,146.38,146.97,142.42,145.28,3.20E+07
400,93,9/25/2000,145.94,146.33,142.13,143.63,3.86E+07
401,94,10/2/2000,144.28,145.75,139.75,141.06,3.56E+07
402,94,10/9/2000,141.31,141.31,132.78,137.56,4.51E+07
403,94,10/16/2000,137.41,141.19,130.16,139.91,4.05E+07
404,94,10/23/2000,139.94,141.94,134.03,139.28,3.93E+07
405,94,10/30/2000,138.44,143.91,138.16,142.78,4.12E+07
406,95,11/6/2000,143.16,144.3,136.53,136.63,3.46E+07
407,95,11/13/2000,135.63,140.11,133.02,136.64,4.70E+07
408,95,11/20/2000,135.75,136.38,132.13,134.84,2.23E+07
409,95,11/27/2000,136.47,136.69,129.75,132.22,3.70E+07
410,96,12/4/2000,131.88,139.47,131.5,133.97,4.56E+07
411,96,12/11/2000,137.38,139.56,130.56,130.97,3.42E+07
412,96,12/18/2000,132.06,134.97,125.53,130.94,5.14E+07
413,96,12/25/2000,130.84,134.28,130.28,131.19,2.67E+07
414,97,1/1/2001,132,136,127.56,129.19,5.03E+07
415,97,1/8/2001,129.88,133.72,127.69,132,3.56E+07
416,97,1/15/2001,132,136.19,131.52,134.02,3.23E+07
417,97,1/22/2001,134.25,137.31,133.56,135.88,3.97E+07
418,97,1/29/2001,135.5,138.7,134.75,134.8,4.00E+07
419,98,2/5/2001,134.8,136.7,131.26,131.84,3.31E+07
420,98,2/12/2001,131.7,134.17,129.3,130.4,3.32E+07
421,98,2/19/2001,131.04,131.14,121.8,124.96,5.81E+07
422,98,2/26/2001,125.8,127.84,121.75,123.61,6.50E+07
423,99,3/5/2001,124.15,127.75,123.11,123.36,3.47E+07
424,99,3/12/2001,122.34,122.5,114.81,115.01,1.16E+08
425,99,3/19/2001,115.76,118.46,108.04,114.48,8.56E+07
426,99,3/26/2001,115.7,118.65,112.14,116.69,5.50E+07
427,100,4/2/2001,116.3,117.38,109.3,113.3,7.47E+07
428,100,4/9/2001,114,118.99,112.78,118.85,4.89E+07
429,100,4/16/2001,118.29,126,116.91,124.5,7.22E+07
430,100,4/23/2001,123.65,125.84,120.95,125.78,4.53E+07
431,100,4/30/2001,126.45,127.69,123.44,127.34,5.30E+07
432,101,5/7/2001,126.86,127.5,124.4,125.15,3.83E+07
433,101,5/14/2001,124.9,130.08,124.46,129.74,5.11E+07
434,101,5/21/2001,129.84,132.09,127.9,128.1,4.75E+07
435,101,5/28/2001,128.22,128.35,125,126.73,3.78E+07
436,102,6/4/2001,126.8,129.23,126.08,127,4.23E+07
437,102,6/11/2001,126.71,126.99,120.4,121.85,5.34E+07
438,102,6/18/2001,121.65,124.31,120.89,122.85,5.24E+07
439,102,6/25/2001,123.28,124.01,120.57,122.6,4.66E+07
440,103,7/2/2001,122.8,124.32,119.05,119.05,2.90E+07
441,103,7/9/2001,119.49,122.32,117.09,122.24,5.47E+07
442,103,7/16/2001,121.77,122.98,119.83,121.34,3.89E+07
443,103,7/23/2001,121.8,121.88,116.75,120.81,5.38E+07
444,103,7/30/2001,121.19,123.25,120.3,121.94,5.43E+07
445,104,8/6/2001,121.35,121.51,117.34,119.29,5.79E+07
446,104,8/13/2001,119.6,120.35,116.01,116.75,5.15E+07
447,104,8/20/2001,116.8,119.13,115.78,119.02,5.71E+07
448,104,8/27/2001,118.97,119.2,112.04,114.15,6.93E+07
449,105,9/3/2001,113.85,116.17,108.63,108.72,1.01E+08
450,105,9/10/2001,107.7,110.35,107.7,110.05,2.34E+07
451,105,9/17/2001,101,106.4,93.8,97.28,1.83E+08
452,105,9/24/2001,99.72,109.62,99.06,104.44,1.12E+08
453,106,10/1/2001,103.9,108.97,102.83,107.23,1.35E+08
454,106,10/8/2001,106.27,110.3,105.52,109.5,1.03E+08
455,106,10/15/2001,108.63,111.15,106.01,107.35,9.97E+07
456,106,10/22/2001,107.3,111.79,106.74,110.32,1.02E+08
457,106,10/29/2001,110.16,110.55,105.56,109.25,1.20E+08
458,107,11/5/2001,110.12,114.08,109.85,112.72,9.74E+07
459,107,11/12/2001,111,115.4,110,114.36,9.65E+07
460,107,11/19/2001,114.92,115.85,113.51,115.68,4.80E+07
461,107,11/26/2001,115.75,116.9,113,114.05,8.32E+07
462,108,12/3/2001,113.65,118,113.01,116.56,9.45E+07
463,108,12/10/2001,115.85,116.39,112,113.13,8.66E+07
464,108,12/17/2001,112.99,115.92,112.9,114.95,7.66E+07
465,108,12/24/2001,114.83,116.75,114.61,116,3.60E+07
466,108,12/31/2001,116.15,117.98,113.81,117.62,6.92E+07
467,109,1/7/2002,117.7,117.99,114.7,114.94,6.89E+07
468,109,1/14/2002,114.65,115.39,112.67,113.15,8.39E+07
469,109,1/21/2002,113.75,114.25,112.02,113.55,4.91E+07
470,109,1/28/2002,113.9,114.19,108.4,112.65,1.09E+08
471,110,2/4/2002,112.23,112.23,108,110.09,1.30E+08
472,110,2/11/2002,110.05,112.97,109.82,110.89,8.83E+07
473,110,2/18/2002,110.15,110.63,107.82,109.64,9.81E+07
474,110,2/25/2002,109.74,113.85,109.7,113.74,1.18E+08
475,111,3/4/2002,113.9,117.9,113.65,116.99,1.09E+08
476,111,3/11/2002,116.89,117.9,115.63,116.65,8.23E+07
477,111,3/18/2002,117.1,117.74,114.12,115.04,9.37E+07
478,111,3/25/2002,115.09,115.77,113.3,114.52,7.40E+07
479,112,4/1/2002,114.23,115.1,112.16,112.69,1.02E+08
480,112,4/8/2002,111.32,113.54,110.04,111.42,8.92E+07
481,112,4/15/2002,111.62,113.67,110.2,112.88,8.11E+07
482,112,4/22/2002,112.38,112.43,107.29,107.39,9.50E+07
483,112,4/29/2002,107.93,109.91,106.63,107.58,9.56E+07
484,113,5/6/2002,107.64,109.36,104.9,105.72,1.11E+08
485,113,5/13/2002,106.22,111.25,105.79,110.9,1.34E+08
486,113,5/20/2002,110.64,110.69,108,108.69,7.23E+07
487,113,5/27/2002,109.05,109.13,105.9,107.22,7.71E+07
488,114,6/3/2002,107.09,107.6,101.72,103.34,1.19E+08
489,114,6/10/2002,103.24,104.54,98.5,101.4,1.30E+08
490,114,6/17/2002,101.92,105.03,98.68,99.28,1.18E+08
491,114,6/24/2002,98.61,100.89,95.19,98.96,1.68E+08
492,115,7/1/2002,99.18,99.8,93.72,99.31,1.04E+08
493,115,7/8/2002,98.98,99.7,90.32,91.85,1.97E+08
494,115,7/15/2002,91.64,93.3,84.3,84.71,2.90E+08
495,115,7/22/2002,84.1,85.93,77.68,85.6,3.88E+08
496,115,7/29/2002,87.5,91.55,85.62,86.79,2.64E+08
497,116,8/5/2002,86.49,91.94,83.55,91.29,2.45E+08
498,116,8/12/2002,89.99,94.08,88.02,93.22,2.15E+08
499,116,8/19/2002,93.46,97.15,93.1,94.6,1.76E+08
500,116,8/26/2002,94.91,96.25,90.81,91.78,1.81E+08
501,117,9/2/2002,90.73,91,87.5,90,2.34E+08
502,117,9/9/2002,89.1,93.33,88.25,89.67,1.88E+08
503,117,9/16/2002,89.31,91.19,84.05,84.35,2.25E+08
504,117,9/23/2002,83.65,85.97,81.85,82.75,2.94E+08
505,117,9/30/2002,82,85.77,79.58,80.8,3.21E+08
506,118,10/7/2002,80.06,84.73,77.07,84.16,3.72E+08
507,118,10/14/2002,83.2,89.3,83.04,88.64,3.02E+08
508,118,10/21/2002,88.12,90.9,87.57,90.2,2.40E+08
509,118,10/28/2002,91.15,91.29,87,90.27,2.34E+08
510,119,11/4/2002,91.8,93.07,89.52,89.65,2.41E+08
511,119,11/11/2002,89.51,91.55,87.45,91.4,2.06E+08
512,119,11/18/2002,92.15,94.27,89.76,93.42,1.86E+08
513,119,11/25/2002,93.43,94.95,91.62,93.98,1.33E+08
514,120,12/2/2002,95.47,96.05,89.98,92.03,2.35E+08
515,120,12/9/2002,91.07,91.62,89.27,89.34,1.81E+08
516,120,12/16/2002,89.82,91.79,88.6,89.99,1.76E+08
517,120,12/23/2002,89.59,90.61,87.38,87.38,7.32E+07
518,120,12/30/2002,87.79,91.38,87.11,91.35,1.41E+08
519,121,1/6/2003,91.24,93.64,91.05,93.06,1.91E+08
520,121,1/13/2003,93.54,93.86,90.15,90.66,1.76E+08
521,121,1/20/2003,90.87,90.92,86.17,86.38,2.04E+08
522,121,1/27/2003,85.73,87.18,84.15,86.06,2.64E+08
523,122,2/3/2003,86.14,86.81,82.97,83.42,2.35E+08
524,122,2/10/2003,83.46,84.88,81,84.15,2.46E+08
525,122,2/17/2003,84.53,85.8,83.46,85.18,1.61E+08
526,122,2/24/2003,84.93,85.23,82.22,84.9,2.20E+08
527,123,3/3/2003,85.26,85.78,81.43,83.32,2.23E+08
528,123,3/10/2003,82.6,84.77,79.38,84.13,2.88E+08
529,123,3/17/2003,83.46,89.88,83.22,89.67,3.27E+08
530,123,3/24/2003,88.02,88.26,85.99,86.71,2.58E+08
531,123,3/31/2003,85.35,88.99,84.4,88.22,2.50E+08
532,124,4/7/2003,90.34,90.85,85.71,87.15,2.55E+08
533,124,4/14/2003,87.47,90.06,87,89.56,1.76E+08
534,124,4/21/2003,89.86,92.35,88.89,90.23,2.30E+08
535,124,4/28/2003,90.44,93.47,90.3,93.21,2.48E+08
536,125,5/5/2003,93.47,94.38,92.28,93.73,1.95E+08
537,125,5/12/2003,93.5,95.45,93.28,94.87,1.90E+08
538,125,5/19/2003,94.15,94.42,91.59,93.76,2.11E+08
539,125,5/26/2003,93.3,97.09,93.07,96.95,1.85E+08
540,126,6/2/2003,97.53,101.4,96.67,99.26,2.45E+08
541,126,6/9/2003,98.77,100.9,97.77,99.56,1.90E+08
542,126,6/16/2003,99.96,102.18,99.42,99.44,1.94E+08
543,126,6/23/2003,99.45,99.66,96.96,97.66,2.06E+08
544,126,6/30/2003,98.22,99.85,96.43,98.74,1.50E+08
545,127,7/7/2003,99.65,101.4,98.63,100.24,1.89E+08
546,127,7/14/2003,101.2,101.9,98.16,99.51,2.13E+08
547,127,7/21/2003,99.45,100.34,97.85,100.23,2.06E+08
548,127,7/28/2003,100.37,100.98,98.24,98.51,2.20E+08
549,128,8/4/2003,98.31,99,96.34,98.28,2.38E+08
550,128,8/11/2003,98.26,99.85,97.84,99.62,1.62E+08
551,128,8/18/2003,99.93,101.82,99.73,99.77,1.80E+08
552,128,8/25/2003,99.71,101.48,98.83,101.44,1.44E+08
553,129,9/1/2003,101.64,103.7,101.05,102.83,1.54E+08
554,129,9/8/2003,103.04,103.88,101.35,102.45,1.95E+08
555,129,9/15/2003,102.52,104.7,101.95,103.67,1.56E+08
556,129,9/22/2003,102.85,103.29,99.85,99.95,2.06E+08
557,129,9/29/2003,100.3,104.28,99.25,103.39,2.67E+08
558,130,10/6/2003,103.48,105.22,102.91,104.57,1.57E+08
559,130,10/13/2003,104.71,105.89,103.98,104.26,1.67E+08
560,130,10/20/2003,104.45,105.28,102.18,103.58,1.86E+08
561,130,10/27/2003,103.74,105.97,103.27,105.3,1.63E+08
562,131,11/3/2003,105.75,106.72,104.9,105.61,1.63E+08
563,131,11/10/2003,105.74,106.95,104.8,105.46,1.59E+08
564,131,11/17/2003,104.91,105.45,103.62,104.21,1.99E+08
565,131,11/24/2003,104.69,106.66,104.68,106.45,1.10E+08
566,132,12/1/2003,106.85,108.08,106.62,106.85,1.78E+08
567,132,12/8/2003,106.74,108.2,105.96,108.14,1.92E+08
568,132,12/15/2003,109.17,109.73,107.48,108.9,1.66E+08
569,132,12/22/2003,108.79,110.08,108.78,109.7,6.87E+07
570,132,12/29/2003,110.1,112.19,109.78,111.23,1.12E+08
571,133,1/5/2004,111.69,113.5,111.59,112.39,1.69E+08
572,133,1/12/2004,112.55,114.31,111.76,114.23,1.86E+08
573,133,1/19/2004,114.53,115.38,113.72,114.43,1.35E+08
574,133,1/26/2004,114.39,116.5,112.56,113.48,2.10E+08
575,134,2/2/2004,113.7,114.7,112.78,114.45,1.78E+08
576,134,2/9/2004,114.67,116.39,114.17,115.13,1.68E+08
577,134,2/16/2004,115.85,116.6,114.32,114.88,1.50E+08
578,134,2/23/2004,115.22,115.74,113.03,115.02,1.81E+08
579,135,3/1/2004,115.43,116.97,114.92,116.38,1.80E+08
580,135,3/8/2004,116.34,116.62,111.1,112.58,2.90E+08
581,135,3/15/2004,112.27,113.27,110.84,111.06,2.68E+08
582,135,3/22/2004,110.54,111.79,108.85,111.03,2.56E+08
583,135,3/29/2004,111.63,114.84,111.58,114.64,2.28E+08
584,136,4/5/2004,114.46,115.41,113.74,114.37,1.51E+08
585,136,4/12/2004,114.58,115.3,112.36,113.83,2.50E+08
586,136,4/19/2004,113.55,114.67,111.78,114.36,2.23E+08
587,136,4/26/2004,114.5,115.12,110.9,110.96,2.48E+08
588,137,5/3/2004,111.37,113.26,109.96,109.96,2.35E+08
589,137,5/10/2004,109.44,110.81,108.06,110.04,3.26E+08
590,137,5/17/2004,108.89,111.18,108.41,109.81,2.26E+08
591,137,5/24/2004,110.53,113.03,109.6,112.86,1.94E+08
592,137,5/31/2004,112.46,113.58,111.87,112.98,1.52E+08
593,138,6/7/2004,113.43,114.92,113.42,114.35,1.23E+08
594,138,6/14/2004,113.82,114.45,112.87,113.63,1.59E+08
595,138,6/21/2004,113.75,114.94,112.67,113.84,1.66E+08
596,138,6/28/2004,114.52,114.79,112.58,112.88,2.14E+08
597,139,7/5/2004,112.37,112.57,111.2,111.73,1.41E+08
598,139,7/12/2004,111.52,112.39,110.44,110.71,1.96E+08
599,139,7/19/2004,110.75,112.06,108.69,108.96,2.65E+08
600,139,7/26/2004,109.19,110.9,108.21,110.84,2.61E+08
601,140,8/2/2004,110.19,111.36,106.62,106.85,2.45E+08
602,140,8/9/2004,107.02,108.41,106.59,107.19,2.38E+08
603,140,8/16/2004,107.14,110.63,107.1,110.48,2.14E+08
604,140,8/23/2004,110.55,111.63,109.85,111.45,1.54E+08
605,140,8/30/2004,111.22,112.82,110.1,112.12,1.97E+08
606,141,9/6/2004,112.54,113.27,112.03,113.06,1.33E+08
607,141,9/13/2004,113.31,113.74,112.68,113.15,1.68E+08
608,141,9/20/2004,112.67,113.47,110.95,111.46,2.06E+08
609,141,9/27/2004,111.1,113.65,110.41,113.65,2.21E+08
610,142,10/4/2004,114.1,114.68,112.35,112.51,2.04E+08
611,142,10/11/2004,112.78,113.07,110.57,111.26,2.44E+08
612,142,10/18/2004,110.89,112.23,109.75,109.99,2.58E+08
613,142,10/25/2004,109.75,113.64,109.35,113.2,2.75E+08
614,143,11/1/2004,113.56,117.64,113.2,117.28,2.89E+08
615,143,11/8/2004,116.98,119,116.72,118.79,2.17E+08
616,143,11/15/2004,118.5,119.14,117.14,117.42,2.16E+08
617,143,11/22/2004,117.17,118.98,117.03,118.35,1.25E+08
618,143,11/29/2004,118.79,120.14,117.48,119.25,2.74E+08
619,144,12/6/2004,119.21,119.64,117.73,119.33,2.38E+08
620,144,12/13/2004,119.76,121.24,119.16,119.44,2.49E+08
621,144,12/20/2004,119.75,121.28,119.17,120.77,1.37E+08
622,144,12/27/2004,121.2,121.66,120.39,120.87,1.26E+08
623,145,1/3/2005,121.56,121.76,118,118.44,2.94E+08
624,145,1/10/2005,118.34,119.46,117.5,118.24,2.90E+08
625,145,1/17/2005,118.05,119.62,116.65,116.78,2.47E+08
626,145,1/24/2005,117.09,117.75,116.37,117.43,3.01E+08
627,145,1/31/2005,117.95,120.43,117.71,120.23,2.54E+08
628,146,2/7/2005,120.25,121.04,119.25,120.77,2.39E+08
629,146,2/14/2005,120.69,121.46,119.9,120.39,2.38E+08
630,146,2/21/2005,119.9,121.67,118.58,121.43,2.78E+08
631,146,2/28/2005,121.15,122.83,120.04,122.73,2.98E+08
632,147,3/7/2005,122.66,123.25,120.16,120.39,2.84E+08
633,147,3/14/2005,120.61,121.46,118.15,118.54,2.96E+08
634,147,3/21/2005,118.71,118.93,116.75,117.14,2.76E+08
635,147,3/28/2005,117.42,118.99,116.25,117.43,3.40E+08
636,148,4/4/2005,117.36,119.26,116.74,118,2.82E+08
637,148,4/11/2005,118.29,119.06,114.1,114.15,4.22E+08
638,148,4/18/2005,114.12,116.5,113.55,115.57,4.48E+08
639,148,4/25/2005,115.86,116.77,113.97,115.75,3.86E+08
640,149,5/2/2005,116.07,118,115.52,117.09,3.87E+08
641,149,5/9/2005,117.21,118.08,114.8,115.72,3.90E+08
642,149,5/16/2005,115.7,119.41,115.66,119.12,2.96E+08
643,149,5/23/2005,119.21,120.25,118.83,120.25,2.17E+08
644,149,5/30/2005,120.08,120.92,119.4,120.15,2.14E+08
645,150,6/6/2005,119.95,121.25,119.44,120.2,2.43E+08
646,150,6/13/2005,119.94,121.9,119.81,121.36,2.35E+08
647,150,6/20/2005,121.08,121.94,118.84,118.98,2.48E+08
648,150,6/27/2005,118.97,120.4,118.75,119.53,2.44E+08
649,151,7/4/2005,119.25,121.32,118.26,121.32,2.72E+08
650,151,7/11/2005,121.33,123.44,121.31,122.84,2.62E+08
651,151,7/18/2005,122.5,123.73,122.05,123.54,3.39E+08
652,151,7/25/2005,123.41,124.64,122.85,123.74,2.53E+08
653,152,8/1/2005,123.83,124.74,122.67,122.88,2.27E+08
654,152,8/8/2005,123.15,124.5,122.38,123.06,2.81E+08
655,152,8/15/2005,123.22,123.87,121.84,122.47,2.64E+08
656,152,8/22/2005,122.58,123.23,120.68,120.76,3.02E+08
657,152,8/29/2005,120.41,123.15,120.38,122.27,3.56E+08
658,153,9/5/2005,122.66,124.74,122.65,124.6,1.81E+08
659,153,9/12/2005,124.45,124.67,122.87,123.5,2.98E+08
660,153,9/19/2005,123.47,123.61,120.44,121.44,3.76E+08
661,153,9/26/2005,122.02,123.04,121.02,123.04,3.10E+08
662,154,10/3/2005,122.96,123.34,118.17,119.61,4.34E+08
663,154,10/10/2005,119.68,119.71,116.88,118.67,4.17E+08
664,154,10/17/2005,118.8,119.81,117.12,118.13,4.88E+08
665,154,10/24/2005,118.44,120.54,117.93,119.8,3.68E+08
666,154,10/31/2005,120.29,122.66,120.13,122.11,3.62E+08
667,155,11/7/2005,122.37,123.84,121.75,123.76,2.61E+08
668,155,11/14/2005,123.79,125.28,122.86,125.13,2.94E+08
669,155,11/21/2005,125.15,127.41,124.98,127.13,1.83E+08
670,155,11/28/2005,127.25,127.27,125.29,126.85,2.74E+08
671,156,12/5/2005,126.7,127.74,125.48,126.33,2.97E+08
672,156,12/12/2005,126.71,128.09,125.96,126.36,3.04E+08
673,156,12/19/2005,126.73,126.87,125.48,126.76,2.07E+08
674,156,12/26/2005,126.96,127.05,124.36,124.51,1.53E+08
675,157,1/2/2006,125.19,128.58,124.39,128.44,2.35E+08
676,157,1/9/2006,128.42,129.44,128.2,128.68,2.23E+08
677,157,1/16/2006,128.2,128.9,125.97,125.97,3.24E+08
678,157,1/23/2006,126.21,128.66,125.84,128.54,3.45E+08
679,157,1/30/2006,128.44,128.81,126.14,126.27,3.40E+08
680,158,2/6/2006,126.44,128.1,125.4,126.64,3.03E+08
681,158,2/13/2006,126.6,129.21,125.95,128.81,3.30E+08
682,158,2/20/2006,129.11,129.65,128.28,129.41,1.69E+08
683,158,2/27/2006,129.4,130.07,128.13,128.76,2.93E+08
684,159,3/6/2006,129.14,129.18,127.18,128.59,3.03E+08
685,159,3/13/2006,128.84,131.47,128.53,130.62,2.82E+08
686,159,3/20/2006,130.64,130.99,129.45,130.21,2.74E+08
687,159,3/27/2006,130.03,130.98,129.05,129.83,3.10E+08
688,160,4/3/2006,130.07,131.4,129.35,129.54,3.05E+08
689,160,4/10/2006,129.74,130.08,128.25,128.71,2.08E+08
690,160,4/17/2006,128.83,131.86,128.02,131.15,4.02E+08
691,160,4/24/2006,130.89,131.75,129.59,131.47,3.85E+08
692,161,5/1/2006,131.47,132.8,130.32,132.52,2.80E+08
693,161,5/8/2006,132.51,132.77,129.19,129.24,2.97E+08
694,161,5/15/2006,128.79,130,125.8,127.1,5.03E+08
695,161,5/22/2006,126.28,128.38,124.76,128.38,5.13E+08
696,161,5/29/2006,127.97,129.43,126.05,129,3.25E+08
697,162,6/5/2006,128.85,128.86,123.87,125.35,6.25E+08
698,162,6/12/2006,125.88,126.36,122.34,124.65,6.73E+08
699,162,6/19/2006,125.4,125.7,123.55,124.44,3.65E+08
700,162,6/26/2006,124.54,127.66,123.65,127.28,3.35E+08
701,163,7/3/2006,127.43,128.01,126.29,126.61,2.25E+08
702,163,7/10/2006,126.94,127.43,122.83,123.52,4.23E+08
703,163,7/17/2006,123.52,126.3,122.39,123.95,5.51E+08
704,163,7/24/2006,124.44,128.14,124.44,127.98,4.42E+08
705,163,7/31/2006,127.66,129.43,126.6,128.2,3.40E+08
706,164,8/7/2006,127.9,128.6,126.28,127.01,3.32E+08
707,164,8/14/2006,127.63,130.69,126.92,130.69,3.27E+08
708,164,8/21/2006,130.18,130.52,129.19,129.81,2.69E+08
709,164,8/28/2006,129.65,131.58,129.64,131.42,2.51E+08
710,165,9/4/2006,131.51,131.85,129.35,130.28,2.38E+08
711,165,9/11/2006,129.86,132.45,129.48,131.96,3.36E+08
712,165,9/18/2006,131.79,132.77,131,131.47,3.86E+08
713,165,9/25/2006,131.73,133.99,131.05,133.58,3.55E+08
714,166,10/2/2006,133.54,135.41,132.65,135.01,3.31E+08
715,166,10/9/2006,134.85,136.71,134.3,136.63,3.15E+08
716,166,10/16/2006,136.52,137.37,135.67,136.84,3.32E+08
717,166,10/23/2006,136.56,139,136.39,137.91,3.45E+08
718,166,10/30/2006,137.66,138.31,135.62,136.54,3.36E+08
719,167,11/6/2006,136.96,139.14,136.86,138.24,3.59E+08
720,167,11/13/2006,138.18,140.68,138.07,140.42,3.66E+08
721,167,11/20/2006,140.3,141.16,139.94,140.35,1.97E+08
722,167,11/27/2006,140.28,141.05,138.11,140.22,4.91E+08
723,168,12/4/2006,140.25,142.3,140.23,141.42,3.57E+08
724,168,12/11/2006,141.42,143.24,140.89,142.34,3.08E+08
725,168,12/18/2006,142.54,142.88,140.67,140.75,2.66E+08
726,168,12/25/2006,140.81,142.7,140.78,141.62,1.55E+08
727,169,1/1/2007,142.25,142.86,140.38,140.54,2.41E+08
728,169,1/8/2007,140.82,143.24,140.25,143.24,3.30E+08
729,169,1/15/2007,143.07,143.46,142.31,142.82,2.20E+08
730,169,1/22/2007,143.07,143.98,141.58,142.13,3.11E+08
731,169,1/29/2007,142.19,144.95,141.74,144.81,3.47E+08
732,170,2/5/2007,144.7,145.36,143.39,143.94,3.08E+08
733,170,2/12/2007,143.94,145.95,143.19,145.73,2.74E+08
734,170,2/19/2007,145.56,146.42,145,145.3,2.72E+08
735,170,2/26/2007,145.83,145.95,138.05,138.67,8.97E+08
736,171,3/5/2007,137.93,141.42,137.33,140.78,6.28E+08
737,171,3/12/2007,140.42,141.34,136.75,138.53,7.57E+08
738,171,3/19/2007,139.26,143.81,139.15,143.39,5.24E+08
739,171,3/26/2007,143.5,143.65,140.56,142,6.34E+08
740,172,4/2/2007,142.16,144.44,141.48,144.24,2.73E+08
741,172,4/9/2007,144.65,145.32,143.34,145.32,4.14E+08
742,172,4/16/2007,145.83,148.62,145.82,148.62,5.07E+08
743,172,4/23/2007,148.37,149.8,147.32,149.53,4.97E+08
744,172,4/30/2007,149.64,151.12,147.67,150.92,5.05E+08
745,173,5/7/2007,150.88,152.82,149.27,150.86,5.13E+08
746,173,5/14/2007,150.86,152.62,149.79,152.62,6.03E+08
747,173,5/21/2007,152.58,153.5,150.74,151.69,6.62E+08
748,173,5/28/2007,151.94,154.4,151.34,154.08,4.34E+08
749,174,6/4/2007,153.54,154.39,149.06,151.04,7.77E+08
750,174,6/11/2007,150.93,153.66,149.55,153.07,8.30E+08
751,174,6/18/2007,153.38,153.58,149.85,150.55,7.87E+08
752,174,6/25/2007,150.24,151.65,148.06,150.43,1.00E+09
753,175,7/2/2007,150.87,153.17,150.77,152.98,3.28E+08
754,175,7/9/2007,153.16,155.46,150.52,154.85,6.74E+08
755,175,7/16/2007,154.99,155.53,152.83,153.5,8.53E+08
756,175,7/23/2007,154.18,154.72,145.05,145.11,1.53E+09
757,175,7/30/2007,145.93,149.46,143.2,143.8,1.72E+09
758,176,8/6/2007,144.21,150.59,142.53,144.71,1.60E+09
759,176,8/13/2007,146.5,146.89,137,144.71,1.70E+09
760,176,8/20/2007,145.17,148.33,143.29,148.33,8.50E+08
761,176,8/27/2007,147.85,148.5,143.46,147.59,9.18E+08
762,177,9/3/2007,147.45,149.98,145.26,146.07,6.50E+08
763,177,9/10/2007,146.52,149.45,144.33,148.9,7.80E+08
764,177,9/17/2007,148.31,154.39,147.63,151.97,8.84E+08
765,177,9/24/2007,152.42,153.19,150.47,152.58,6.53E+08
766,178,10/1/2007,152.6,156.1,152.5,155.85,5.92E+08
767,178,10/8/2007,155.39,157.52,154.54,156.33,6.25E+08
768,178,10/15/2007,156.27,156.48,149.66,149.67,9.90E+08
769,178,10/22/2007,148.86,153.62,148.66,153.62,1.18E+09
770,178,10/29/2007,153.93,155.27,149.21,151.2,1.13E+09
771,179,11/5/2007,149.64,152.11,144.89,145.14,1.36E+09
772,179,11/12/2007,145.21,149.4,143.7,145.79,1.24E+09
773,179,11/19/2007,145.28,145.53,141.67,144.13,1.02E+09
774,179,11/26/2007,144.43,149.87,140.66,148.66,1.19E+09
775,180,12/3/2007,148.19,151.5,146.31,150.91,7.58E+08
776,180,12/10/2007,151.28,152.89,147.1,147.17,1.09E+09
777,180,12/17/2007,146.61,148.42,143.96,148.13,9.83E+08
778,180,12/24/2007,148.82,149.68,146.9,147.3,3.52E+08
779,180,12/31/2007,147.1,147.61,140.91,141.31,6.71E+08
780,181,1/7/2008,141.81,142.9,137.7,140.15,1.47E+09
781,181,1/14/2008,141.16,141.86,131.1,132.06,1.54E+09
782,181,1/21/2008,127.21,136.76,126,133.04,1.48E+09
783,181,1/28/2008,133.26,139.61,132.06,139.58,1.27E+09
784,182,2/4/2008,139.21,139.3,131.73,133.07,1.18E+09
785,182,2/11/2008,133.1,137.06,132.04,135.14,9.97E+08
786,182,2/18/2008,136.72,137.01,132.86,135.62,7.72E+08
787,182,2/25/2008,135.54,139.14,132.78,133.82,9.94E+08
788,183,3/3/2008,133.14,134.77,128.58,129.71,1.32E+09
789,183,3/10/2008,129.84,133.77,127.59,129.61,1.64E+09
790,183,3/17/2008,126.57,134.65,126.07,132.08,1.33E+09
791,183,3/24/2008,133.31,135.81,131.06,131.51,1.00E+09
792,183,3/31/2008,131.29,137.96,131.09,136.89,1.01E+09
793,184,4/7/2008,137.87,138.57,133.01,133.38,9.15E+08
794,184,4/14/2008,133.19,139.56,132.33,138.48,9.20E+08
795,184,4/21/2008,138.23,139.89,136.9,139.6,8.94E+08
796,184,4/28/2008,139.88,142.37,138.26,141.51,8.08E+08
797,185,5/5/2008,141.05,142.2,138.45,138.9,8.28E+08
798,185,5/12/2008,139.25,142.87,138.73,142.66,8.60E+08
799,185,5/19/2008,142.81,144.3,137.52,137.64,9.49E+08
800,185,5/26/2008,137.8,140.93,137.53,140.35,6.41E+08
801,186,6/2/2008,139.83,140.89,136.22,136.29,1.32E+09
802,186,6/9/2008,136.86,137.5,133.52,136.15,1.27E+09
803,186,6/16/2008,135.55,137.12,131.22,131.58,1.24E+09
804,186,6/23/2008,132.09,133.4,127.04,127.53,1.32E+09
805,186,6/30/2008,127.89,129.16,124.99,126.31,1.17E+09
806,187,7/7/2008,126.79,127.74,122.49,123.84,2.00E+09
807,187,7/14/2008,125.26,126.42,120.02,125.98,1.84E+09
808,187,7/21/2008,126.51,129.15,124.85,125.48,1.30E+09
809,187,7/28/2008,125.51,128.6,123.42,126.16,1.35E+09
810,188,8/4/2008,126.04,129.93,124.76,129.37,1.16E+09
811,188,8/11/2008,129.47,131.51,127.67,130.17,1.14E+09
812,188,8/18/2008,130.43,130.48,126.34,129.65,9.41E+08
813,188,8/25/2008,128.8,130.34,126.58,128.79,8.59E+08
814,189,9/1/2008,130.03,130.71,122,124.42,1.13E+09
815,189,9/8/2008,128.04,128.24,121.6,126.09,1.71E+09
816,189,9/15/2008,121.63,128,113.8,124.12,2.97E+09
817,189,9/22/2008,124.45,124.75,117.79,120.85,1.50E+09
818,189,9/29/2008,119.14,119.34,109.68,110.34,1.95E+09
819,190,10/6/2008,107.15,107.62,83.58,88.5,3.28E+09
820,190,10/13/2008,93.87,105.53,86.54,93.21,2.67E+09
821,190,10/20/2008,95.35,99.1,84,87.04,2.37E+09
822,190,10/27/2008,85.97,98.57,83.7,96.83,2.39E+09
823,191,11/3/2008,96.78,100.86,90.06,93.86,1.80E+09
824,191,11/10/2008,95.21,95.53,82.09,86.62,2.47E+09
825,191,11/17/2008,86.38,88.56,74.34,79.52,3.03E+09
826,191,11/24/2008,81.92,90.13,80.36,90.09,1.47E+09
827,192,12/1/2008,87.51,88.42,81.86,87.93,2.28E+09
828,192,12/8/2008,90.34,92.38,85.2,88.99,1.96E+09
829,192,12/15/2008,89.02,92.43,86.29,88.19,1.59E+09
830,192,12/22/2008,88.58,88.67,85.49,87.16,6.02E+08
831,192,12/29/2008,87.24,93.44,85.6,92.96,7.18E+08
832,193,1/5/2009,92.63,94.45,85.36,89.09,1.44E+09
833,193,1/12/2009,88.84,88.91,81.72,85.06,2.00E+09
834,193,1/19/2009,84.23,85.06,80.05,83.11,1.60E+09
835,193,1/26/2009,83.59,87.95,82.21,82.83,1.60E+09
836,194,2/2/2009,81.57,87.34,77.73,86.98,1.67E+09
837,194,2/9/2009,86.96,87.74,81.05,82.76,1.86E+09
838,194,2/16/2009,80.16,82.96,75.77,77.42,1.64E+09
839,194,2/23/2009,78.27,79.67,73.81,73.93,2.10E+09
840,195,3/2/2009,72.52,73.92,67.1,68.92,2.31E+09
841,195,3/9/2009,67.95,76.98,67.73,76.09,1.89E+09
842,195,3/16/2009,76.96,81,75.45,76.71,1.99E+09
843,195,3/23/2009,78.74,83.3,78.31,81.61,1.94E+09
844,195,3/30/2009,79.8,84.61,77.96,84.26,1.83E+09
845,196,4/6/2009,83.34,85.82,81.51,85.81,1.02E+09
846,196,4/13/2009,84.92,87.65,83.61,87.08,1.35E+09
847,196,4/20/2009,85.54,87.31,82.75,86.66,1.36E+09
848,196,4/27/2009,85.68,89.02,84.76,87.89,1.39E+09
849,197,5/4/2009,88.55,93.22,88.38,92.98,1.44E+09
850,197,5/11/2009,91.7,92.11,88.15,88.71,1.33E+09
851,197,5/18/2009,89.55,92.8,88.26,89.02,1.16E+09
852,197,5/25/2009,88.36,93.7,88.32,92.53,1.03E+09
853,198,6/1/2009,93.67,95.67,92.76,94.55,1.24E+09
854,198,6/8/2009,93.84,96.11,93.04,95.08,1.22E+09
855,198,6/15/2009,93.96,94.02,90.83,92.04,1.10E+09
856,198,6/22/2009,91.14,92.24,88.85,91.84,1.10E+09
857,198,6/29/2009,92.11,93.23,89.76,89.81,7.83E+08
858,199,7/6/2009,88.94,89.93,87,87.96,9.57E+08
859,199,7/13/2009,88.31,94.51,87.59,94.13,9.90E+08
860,199,7/20/2009,94.68,98.14,94.19,98.06,9.91E+08
861,199,7/27/2009,97.88,99.83,96.98,98.81,9.73E+08
862,200,8/3/2009,99.85,102.03,99.31,101.2,9.51E+08
863,200,8/10/2009,100.74,101.61,99.46,100.79,8.83E+08
864,200,8/17/2009,98.85,103.13,98.11,102.97,1.00E+09
865,200,8/24/2009,103.39,104.35,101.94,103.38,9.44E+08
866,200,8/31/2009,102.37,103.24,99.57,102.06,9.55E+08
867,201,9/7/2009,103,105.3,102.39,104.77,6.03E+08
868,201,9/14/2009,103.88,108.06,103.15,106.72,9.36E+08
869,201,9/21/2009,105.89,108.03,104.09,104.45,9.54E+08
870,201,9/28/2009,104.85,107.02,101.99,102.49,1.01E+09
871,202,10/5/2009,102.9,107.26,102.6,107.26,8.30E+08
872,202,10/12/2009,107.76,109.71,106.76,108.89,8.33E+08
873,202,10/19/2009,109.07,110.31,107.5,108.08,1.04E+09
874,202,10/26/2009,108.2,109.31,103.44,103.56,1.27E+09
875,203,11/2/2009,104.13,107.4,103.08,107.13,1.08E+09
876,203,11/9/2009,107.95,110.82,107.87,109.62,8.09E+08
877,203,11/16/2009,110.38,111.69,109.01,109.43,8.57E+08
878,203,11/23/2009,110.72,111.74,108.29,109.57,5.22E+08
879,203,11/30/2009,109.48,112.38,108.12,111.01,8.95E+08
880,204,12/7/2009,110.91,111.53,109.02,111.11,7.16E+08
881,204,12/14/2009,111.87,112.13,109.28,110.21,7.41E+08
882,204,12/21/2009,110.76,112.6,110.76,112.48,3.61E+08
883,204,12/28/2009,112.9,113.03,111.39,111.44,3.32E+08
884,205,1/4/2010,112.37,114.62,111.51,114.57,6.04E+08
885,205,1/11/2010,115.08,115.14,113.2,113.64,7.60E+08
886,205,1/18/2010,113.62,115.13,109.09,109.21,1.05E+09
887,205,1/25/2010,110.21,110.47,107.22,107.39,1.30E+09
888,206,2/1/2010,108.15,110.59,104.58,106.66,1.43E+09
889,206,2/8/2010,106.74,108.25,105.81,108.04,1.33E+09
890,206,2/15/2010,108.86,111.57,107.82,111.14,7.45E+08
891,206,2/22/2010,111.55,111.58,108.94,110.74,9.49E+08
892,207,3/1/2010,111.2,114.34,111.17,114.25,7.71E+08
893,207,3/8/2010,114.26,115.97,113.87,115.46,7.78E+08
894,207,3/15/2010,115.26,117.48,114.6,115.97,9.16E+08
895,207,3/22/2010,115.31,118.17,115.24,116.58,9.93E+08
896,207,3/29/2010,117.17,118.25,116.61,117.8,6.03E+08
897,208,4/5/2010,118.25,119.6,117.6,119.55,6.93E+08
898,208,4/12/2010,119.7,121.57,118.75,119.36,9.08E+08
899,208,4/19/2010,119.01,121.86,118.47,121.81,8.61E+08
900,208,4/26/2010,121.85,122.12,118.25,118.81,1.26E+09
901,209,5/3/2010,119.38,120.68,105,111.26,2.16E+09
902,209,5/10/2010,115.81,117.68,112.87,113.89,1.53E+09
903,209,5/17/2010,114.2,115.22,105.36,109.11,2.11E+09
904,209,5/24/2010,108.52,110.8,104.38,109.37,1.61E+09
905,209,5/31/2010,108.35,111.06,106.46,106.82,1.14E+09
906,210,6/7/2010,107.2,109.75,104.65,109.68,1.42E+09
907,210,6/14/2010,110.52,112.42,109.4,111.73,1.10E+09
908,210,6/21/2010,113.12,113.2,106.77,107.87,1.21E+09
909,210,6/28/2010,108.03,108.32,101.13,102.2,1.44E+09
910,211,7/5/2010,103.64,107.97,101.88,107.96,8.67E+08
911,211,7/12/2010,107.6,110.09,106.45,106.66,1.04E+09
912,211,7/19/2010,107.05,110.57,105.82,110.41,1.21E+09
913,211,7/26/2010,110.6,112.29,108.98,110.27,9.93E+08
914,212,8/2/2010,111.99,113.11,110.92,112.39,8.73E+08
915,212,8/9/2010,112.92,113.18,107.6,108.31,1.04E+09
916,212,8/16/2010,107.57,110.39,106.75,107.53,9.79E+08
917,212,8/23/2010,108.04,108.57,104.29,106.86,1.21E+09
918,212,8/30/2010,106.58,110.99,104.49,110.89,1.07E+09
919,213,9/6/2010,110.37,111.68,109.55,111.48,5.67E+08
920,213,9/13/2010,112.58,113.29,111.98,112.49,9.53E+08
921,213,9/20/2010,112.88,114.9,112.18,114.82,1.09E+09
922,213,9/27/2010,114.86,115.79,113.18,114.61,9.79E+08
923,214,10/4/2010,114.37,116.86,113.18,116.54,8.87E+08
924,214,10/11/2010,116.72,118.55,115.65,117.7,9.41E+08
925,214,10/18/2010,117.74,119.09,116.02,118.35,9.52E+08
926,214,10/25/2010,119.14,119.76,117.26,118.49,8.13E+08
927,215,11/1/2010,119.07,122.92,117.85,122.72,9.55E+08
928,215,11/8/2010,122.34,122.95,119.65,120.2,9.61E+08
929,215,11/15/2010,120.58,121.05,117.59,120.29,9.90E+08
930,215,11/22/2010,119.69,120.24,117.99,118.8,6.20E+08
931,215,11/29/2010,118.5,123.03,117.74,122.89,1.02E+09
932,216,12/6/2010,122.63,124.6,122.41,124.48,6.89E+08
933,216,12/13/2010,125.05,125.23,123.75,124.3,7.68E+08
934,216,12/20/2010,124.64,125.82,123.98,125.6,3.63E+08
935,216,12/27/2010,125.13,126.2,125.04,125.75,3.39E+08
936,217,1/3/2011,126.71,127.83,125.7,127.14,6.89E+08
937,217,1/10/2011,126.58,129.33,126.2,129.3,5.87E+08
938,217,1/17/2011,129.18,129.64,127.13,128.37,5.94E+08
939,217,1/24/2011,128.29,130.35,127.51,127.72,8.41E+08
940,217,1/31/2011,128.07,131.2,127.75,131.15,7.15E+08
941,218,2/7/2011,131.44,133.28,131.3,133.11,6.58E+08
942,218,2/14/2011,133.03,134.69,132.32,134.53,5.91E+08
943,218,2/21/2011,133.12,134.56,129.7,132.33,8.63E+08
944,218,2/28/2011,132.82,133.69,130.35,132.47,1.05E+09
945,219,3/7/2011,132.86,133.16,129.49,130.84,1.07E+09
946,219,3/14/2011,129.99,130.48,125.28,127.76,1.55E+09
947,219,3/21/2011,129.35,131.87,128.32,131.3,7.47E+08
948,219,3/28/2011,131.58,133.77,130.44,133.15,6.62E+08
949,220,4/4/2011,133.43,134,132.31,132.86,6.61E+08
950,220,4/11/2011,133,133.45,130.27,132.04,7.76E+08
951,220,4/18/2011,130.59,133.84,129.51,133.78,6.27E+08
952,220,4/25/2011,133.68,136.57,133.2,136.43,5.95E+08
953,221,5/2/2011,137.07,137.18,133.02,134.2,8.97E+08
954,221,5/9/2011,134.19,136.11,133.39,134.04,7.51E+08
955,221,5/16/2011,133.56,135.03,132.12,133.61,7.72E+08
956,221,5/23/2011,131.98,133.87,131.38,133.51,7.53E+08
957,221,5/30/2011,134.77,134.92,130.08,130.42,8.33E+08
958,222,6/6/2011,130.09,130.36,127.26,127.6,9.40E+08
959,222,6/13/2011,127.89,129.77,126.32,127.05,1.21E+09
960,222,6/20/2011,126.62,129.81,126.19,126.81,1.09E+09
961,222,6/27/2011,126.89,134.1,126.64,133.92,1.00E+09
962,223,7/4/2011,133.78,135.7,133.11,134.4,6.74E+08
963,223,7/11/2011,132.75,133.22,130.68,131.69,1.06E+09
964,223,7/18/2011,131.08,134.82,129.63,134.58,8.72E+08
965,223,7/25/2011,133.3,134.49,127.97,129.33,1.03E+09
966,224,8/1/2011,130.84,130.96,116.86,120.08,2.22E+09
967,224,8/8/2011,116.91,120.12,110.27,118.12,2.88E+09
968,224,8/15/2011,119.19,121.2,112.5,112.64,1.73E+09
969,224,8/22/2011,115.17,119.4,112.41,117.97,1.48E+09
970,224,8/29/2011,119.56,123.51,117.43,117.85,1.24E+09
971,225,9/5/2011,114.39,120.94,114.38,115.92,1.13E+09
972,225,9/12/2011,114.47,121.97,114.05,121.52,1.51E+09
973,225,9/19/2011,119.53,121.99,111.3,113.54,1.60E+09
974,225,9/26/2011,114.61,119.56,112.98,113.15,1.45E+09
975,226,10/3/2011,112.49,117.25,107.43,115.71,1.68E+09
976,226,10/10/2011,117.68,122.6,117.67,122.57,1.15E+09
977,226,10/17/2011,121.99,124.12,119.2,123.97,1.29E+09
978,226,10/24/2011,124.17,129.42,122.21,128.6,1.38E+09
979,226,10/31/2011,127.16,128.62,121.52,125.48,1.43E+09
980,227,11/7/2011,125.39,128.02,122.86,126.66,1.18E+09
981,227,11/14/2011,126.19,127.45,121.23,121.98,1.13E+09
982,227,11/21/2011,120.2,120.35,116.2,116.34,7.70E+08
983,227,11/28/2011,119.54,126.5,118.82,124.86,1.13E+09
984,228,12/5/2011,126.84,127.26,123.65,126.05,1.09E+09
985,228,12/12/2011,124.95,125.57,121.3,121.59,1.12E+09
986,228,12/19/2011,122.06,126.43,120.03,126.39,8.15E+08
987,228,12/26/2011,126.17,126.82,124.73,125.5,4.24E+08
988,229,1/2/2012,127.76,128.38,126.43,127.71,6.43E+08
989,229,1/9/2012,128,129.7,127.41,128.84,6.25E+08
990,229,1/16/2012,130.08,131.95,128.9,131.95,5.60E+08
991,229,1/23/2012,131.51,133.4,130.6,131.82,7.51E+08
992,229,1/30/2012,130.51,134.62,130.06,134.54,7.44E+08
993,230,2/6/2012,133.98,135.59,133.64,134.36,6.99E+08
994,230,2/13/2012,135.32,136.63,134.25,136.41,7.93E+08
995,230,2/20/2012,136.73,137.2,135.5,136.93,5.02E+08
996,230,2/27/2012,136.02,138.19,135.8,137.31,7.27E+08
997,231,3/5/2012,137.1,137.93,134.36,137.57,7.26E+08
998,231,3/12/2012,137.55,140.78,137.09,140.3,7.51E+08
999,231,3/19/2012,140.21,141.28,138.55,139.65,6.25E+08
1000,231,3/26/2012,140.65,141.83,139.09,140.81,6.89E+08
